Model,Degradation,Severity,Accuracy_Mean,Accuracy_Std,F1_Mean,F1_Std
"EfficientFormer-L1 (Hybrid, 11M)",Gaussian Blur,0,0.8309,0.0027,0.831,0.0037
"EfficientFormer-L1 (Hybrid, 11M)",Gaussian Blur,1,0.7882,0.0193,0.7646,0.0284
"EfficientFormer-L1 (Hybrid, 11M)",Gaussian Blur,2,0.7247,0.0219,0.6798,0.0301
"EfficientFormer-L1 (Hybrid, 11M)",Gaussian Blur,3,0.6238,0.065,0.5834,0.0404
"EfficientFormer-L1 (Hybrid, 11M)",Gaussian Blur,4,0.3932,0.2083,0.4031,0.1218
"EfficientFormer-L1 (Hybrid, 11M)",Gaussian Blur,5,0.3158,0.2351,0.33,0.1696
"EfficientFormer-L1 (Hybrid, 11M)",Gaussian Noise,0,0.8309,0.0027,0.831,0.0037
"EfficientFormer-L1 (Hybrid, 11M)",Gaussian Noise,1,0.521,0.0505,0.5647,0.0455
"EfficientFormer-L1 (Hybrid, 11M)",Gaussian Noise,2,0.5285,0.0638,0.567,0.0533
"EfficientFormer-L1 (Hybrid, 11M)",Gaussian Noise,3,0.6035,0.0225,0.6137,0.0073
"EfficientFormer-L1 (Hybrid, 11M)",Gaussian Noise,4,0.55,0.083,0.547,0.0698
"EfficientFormer-L1 (Hybrid, 11M)",Gaussian Noise,5,0.3905,0.2148,0.421,0.1757
"EfficientFormer-L1 (Hybrid, 11M)",JPEG Compression,0,0.8309,0.0027,0.831,0.0037
"EfficientFormer-L1 (Hybrid, 11M)",JPEG Compression,1,0.7986,0.0191,0.7988,0.0181
"EfficientFormer-L1 (Hybrid, 11M)",JPEG Compression,2,0.7729,0.0068,0.7758,0.0064
"EfficientFormer-L1 (Hybrid, 11M)",JPEG Compression,3,0.742,0.0187,0.7475,0.0197
"EfficientFormer-L1 (Hybrid, 11M)",JPEG Compression,4,0.7007,0.0302,0.7022,0.0265
"EfficientFormer-L1 (Hybrid, 11M)",JPEG Compression,5,0.4574,0.2032,0.4829,0.1491
"EfficientFormer-L1 (Hybrid, 11M)",Resolution Downsampling,0,0.8309,0.0027,0.831,0.0037
"EfficientFormer-L1 (Hybrid, 11M)",Resolution Downsampling,1,0.7702,0.0255,0.7406,0.0359
"EfficientFormer-L1 (Hybrid, 11M)",Resolution Downsampling,2,0.7095,0.023,0.6585,0.0268
"EfficientFormer-L1 (Hybrid, 11M)",Resolution Downsampling,3,0.5242,0.1213,0.5022,0.0555
"EfficientFormer-L1 (Hybrid, 11M)",Resolution Downsampling,4,0.3863,0.2059,0.3979,0.1248
"EfficientFormer-L1 (Hybrid, 11M)",Resolution Downsampling,5,0.3709,0.2175,0.3829,0.1281
"EfficientNetB0 (CNN, 4M)",Gaussian Blur,0,0.7997,0.0083,0.8047,0.0053
"EfficientNetB0 (CNN, 4M)",Gaussian Blur,1,0.7196,0.0172,0.7065,0.0218
"EfficientNetB0 (CNN, 4M)",Gaussian Blur,2,0.4904,0.1059,0.4887,0.0427
"EfficientNetB0 (CNN, 4M)",Gaussian Blur,3,0.3729,0.138,0.3844,0.1288
"EfficientNetB0 (CNN, 4M)",Gaussian Blur,4,0.3879,0.0906,0.4099,0.0641
"EfficientNetB0 (CNN, 4M)",Gaussian Blur,5,0.3951,0.1228,0.4056,0.0824
"EfficientNetB0 (CNN, 4M)",Gaussian Noise,0,0.7997,0.0083,0.8047,0.0053
"EfficientNetB0 (CNN, 4M)",Gaussian Noise,1,0.4546,0.0395,0.4942,0.0417
"EfficientNetB0 (CNN, 4M)",Gaussian Noise,2,0.4796,0.0883,0.5048,0.0762
"EfficientNetB0 (CNN, 4M)",Gaussian Noise,3,0.5154,0.1006,0.509,0.079
"EfficientNetB0 (CNN, 4M)",Gaussian Noise,4,0.563,0.0765,0.5148,0.0273
"EfficientNetB0 (CNN, 4M)",Gaussian Noise,5,0.5646,0.0931,0.5056,0.0329
"EfficientNetB0 (CNN, 4M)",JPEG Compression,0,0.7997,0.0083,0.8047,0.0053
"EfficientNetB0 (CNN, 4M)",JPEG Compression,1,0.7539,0.0186,0.7573,0.0133
"EfficientNetB0 (CNN, 4M)",JPEG Compression,2,0.7139,0.0299,0.717,0.0234
"EfficientNetB0 (CNN, 4M)",JPEG Compression,3,0.6673,0.0283,0.6723,0.0201
"EfficientNetB0 (CNN, 4M)",JPEG Compression,4,0.5632,0.0385,0.5798,0.0234
"EfficientNetB0 (CNN, 4M)",JPEG Compression,5,0.4541,0.0537,0.4676,0.0399
"EfficientNetB0 (CNN, 4M)",Resolution Downsampling,0,0.7997,0.0083,0.8047,0.0053
"EfficientNetB0 (CNN, 4M)",Resolution Downsampling,1,0.6187,0.0398,0.6004,0.0123
"EfficientNetB0 (CNN, 4M)",Resolution Downsampling,2,0.4481,0.0997,0.4567,0.0619
"EfficientNetB0 (CNN, 4M)",Resolution Downsampling,3,0.3716,0.0717,0.4039,0.0667
"EfficientNetB0 (CNN, 4M)",Resolution Downsampling,4,0.3727,0.1334,0.3886,0.0969
"EfficientNetB0 (CNN, 4M)",Resolution Downsampling,5,0.3931,0.1497,0.3978,0.1073
"ViT-B/16 (Transformer, 86M)",Gaussian Blur,0,0.8239,0.0129,0.8242,0.0104
"ViT-B/16 (Transformer, 86M)",Gaussian Blur,1,0.8134,0.0118,0.8104,0.012
"ViT-B/16 (Transformer, 86M)",Gaussian Blur,2,0.7793,0.0062,0.7585,0.0116
"ViT-B/16 (Transformer, 86M)",Gaussian Blur,3,0.7468,0.0052,0.6971,0.0165
"ViT-B/16 (Transformer, 86M)",Gaussian Blur,4,0.7087,0.01,0.6182,0.0228
"ViT-B/16 (Transformer, 86M)",Gaussian Blur,5,0.6933,0.0092,0.5842,0.0187
"ViT-B/16 (Transformer, 86M)",Gaussian Noise,0,0.8239,0.0129,0.8242,0.0104
"ViT-B/16 (Transformer, 86M)",Gaussian Noise,1,0.6181,0.0546,0.6362,0.0364
"ViT-B/16 (Transformer, 86M)",Gaussian Noise,2,0.634,0.0668,0.647,0.0469
"ViT-B/16 (Transformer, 86M)",Gaussian Noise,3,0.6446,0.0981,0.6455,0.0676
"ViT-B/16 (Transformer, 86M)",Gaussian Noise,4,0.6365,0.1031,0.6279,0.0686
"ViT-B/16 (Transformer, 86M)",Gaussian Noise,5,0.6253,0.1284,0.6109,0.0878
"ViT-B/16 (Transformer, 86M)",JPEG Compression,0,0.8239,0.0129,0.8242,0.0104
"ViT-B/16 (Transformer, 86M)",JPEG Compression,1,0.8169,0.008,0.814,0.006
"ViT-B/16 (Transformer, 86M)",JPEG Compression,2,0.8106,0.0046,0.8065,0.0027
"ViT-B/16 (Transformer, 86M)",JPEG Compression,3,0.7979,0.0078,0.7906,0.0069
"ViT-B/16 (Transformer, 86M)",JPEG Compression,4,0.7679,0.0087,0.7499,0.0095
"ViT-B/16 (Transformer, 86M)",JPEG Compression,5,0.6877,0.0162,0.6167,0.048
"ViT-B/16 (Transformer, 86M)",Resolution Downsampling,0,0.8239,0.0129,0.8242,0.0104
"ViT-B/16 (Transformer, 86M)",Resolution Downsampling,1,0.8032,0.0086,0.7979,0.0119
"ViT-B/16 (Transformer, 86M)",Resolution Downsampling,2,0.7712,0.0075,0.7422,0.016
"ViT-B/16 (Transformer, 86M)",Resolution Downsampling,3,0.7123,0.0072,0.6282,0.0175
"ViT-B/16 (Transformer, 86M)",Resolution Downsampling,4,0.6903,0.011,0.5761,0.0217
"ViT-B/16 (Transformer, 86M)",Resolution Downsampling,5,0.6837,0.0097,0.5692,0.0185
"ViT-S/16 (Transformer, 22M)",Gaussian Blur,0,0.8283,0.0039,0.8289,0.0054
"ViT-S/16 (Transformer, 22M)",Gaussian Blur,1,0.8058,0.0145,0.8047,0.012
"ViT-S/16 (Transformer, 22M)",Gaussian Blur,2,0.7677,0.0171,0.7428,0.0151
"ViT-S/16 (Transformer, 22M)",Gaussian Blur,3,0.7377,0.0102,0.6827,0.0134
"ViT-S/16 (Transformer, 22M)",Gaussian Blur,4,0.6998,0.0092,0.5992,0.0088
"ViT-S/16 (Transformer, 22M)",Gaussian Blur,5,0.6878,0.0132,0.5705,0.0161
"ViT-S/16 (Transformer, 22M)",Gaussian Noise,0,0.8283,0.0039,0.8289,0.0054
"ViT-S/16 (Transformer, 22M)",Gaussian Noise,1,0.6831,0.062,0.6903,0.0511
"ViT-S/16 (Transformer, 22M)",Gaussian Noise,2,0.7054,0.0607,0.7051,0.0509
"ViT-S/16 (Transformer, 22M)",Gaussian Noise,3,0.7156,0.0428,0.6924,0.0411
"ViT-S/16 (Transformer, 22M)",Gaussian Noise,4,0.7163,0.0296,0.6725,0.0302
"ViT-S/16 (Transformer, 22M)",Gaussian Noise,5,0.7079,0.0338,0.6516,0.029
"ViT-S/16 (Transformer, 22M)",JPEG Compression,0,0.8283,0.0039,0.8289,0.0054
"ViT-S/16 (Transformer, 22M)",JPEG Compression,1,0.8176,0.0115,0.8197,0.0103
"ViT-S/16 (Transformer, 22M)",JPEG Compression,2,0.8064,0.0132,0.8095,0.0126
"ViT-S/16 (Transformer, 22M)",JPEG Compression,3,0.7966,0.0097,0.7984,0.0101
"ViT-S/16 (Transformer, 22M)",JPEG Compression,4,0.7452,0.0097,0.7439,0.0104
"ViT-S/16 (Transformer, 22M)",JPEG Compression,5,0.6495,0.0263,0.5992,0.0279
"ViT-S/16 (Transformer, 22M)",Resolution Downsampling,0,0.8283,0.0039,0.8289,0.0054
"ViT-S/16 (Transformer, 22M)",Resolution Downsampling,1,0.7992,0.0147,0.7952,0.012
"ViT-S/16 (Transformer, 22M)",Resolution Downsampling,2,0.7656,0.0146,0.7344,0.0145
"ViT-S/16 (Transformer, 22M)",Resolution Downsampling,3,0.7099,0.0125,0.6237,0.0127
"ViT-S/16 (Transformer, 22M)",Resolution Downsampling,4,0.6869,0.0119,0.5686,0.014
"ViT-S/16 (Transformer, 22M)",Resolution Downsampling,5,0.6797,0.0134,0.5574,0.0152
"ViT-Ti/16 (Transformer, 5.7M)",Gaussian Blur,0,0.8274,0.017,0.8296,0.0141
"ViT-Ti/16 (Transformer, 5.7M)",Gaussian Blur,1,0.8042,0.0188,0.8022,0.018
"ViT-Ti/16 (Transformer, 5.7M)",Gaussian Blur,2,0.7606,0.007,0.7469,0.0091
"ViT-Ti/16 (Transformer, 5.7M)",Gaussian Blur,3,0.7462,0.0018,0.7164,0.0113
"ViT-Ti/16 (Transformer, 5.7M)",Gaussian Blur,4,0.7227,0.0137,0.6536,0.0282
"ViT-Ti/16 (Transformer, 5.7M)",Gaussian Blur,5,0.7001,0.0113,0.5997,0.0209
"ViT-Ti/16 (Transformer, 5.7M)",Gaussian Noise,0,0.8274,0.017,0.8296,0.0141
"ViT-Ti/16 (Transformer, 5.7M)",Gaussian Noise,1,0.635,0.0498,0.6374,0.0321
"ViT-Ti/16 (Transformer, 5.7M)",Gaussian Noise,2,0.6406,0.0546,0.6376,0.0346
"ViT-Ti/16 (Transformer, 5.7M)",Gaussian Noise,3,0.6257,0.0879,0.6109,0.0631
"ViT-Ti/16 (Transformer, 5.7M)",Gaussian Noise,4,0.6097,0.1089,0.5864,0.0797
"ViT-Ti/16 (Transformer, 5.7M)",Gaussian Noise,5,0.5993,0.1183,0.5695,0.0835
"ViT-Ti/16 (Transformer, 5.7M)",JPEG Compression,0,0.8274,0.017,0.8296,0.0141
"ViT-Ti/16 (Transformer, 5.7M)",JPEG Compression,1,0.8199,0.0146,0.8183,0.0111
"ViT-Ti/16 (Transformer, 5.7M)",JPEG Compression,2,0.8033,0.0123,0.8021,0.0076
"ViT-Ti/16 (Transformer, 5.7M)",JPEG Compression,3,0.789,0.0161,0.7878,0.0109
"ViT-Ti/16 (Transformer, 5.7M)",JPEG Compression,4,0.7647,0.0182,0.759,0.0123
"ViT-Ti/16 (Transformer, 5.7M)",JPEG Compression,5,0.6512,0.0294,0.6122,0.0096
"ViT-Ti/16 (Transformer, 5.7M)",Resolution Downsampling,0,0.8274,0.017,0.8296,0.0141
"ViT-Ti/16 (Transformer, 5.7M)",Resolution Downsampling,1,0.7919,0.0175,0.7898,0.0172
"ViT-Ti/16 (Transformer, 5.7M)",Resolution Downsampling,2,0.7601,0.0032,0.7408,0.0065
"ViT-Ti/16 (Transformer, 5.7M)",Resolution Downsampling,3,0.7265,0.0131,0.6628,0.0252
"ViT-Ti/16 (Transformer, 5.7M)",Resolution Downsampling,4,0.6941,0.0113,0.5862,0.0196
"ViT-Ti/16 (Transformer, 5.7M)",Resolution Downsampling,5,0.6797,0.0156,0.5666,0.0139
